date,corr_63d
2023-12-28,0.045824839352024895
2023-12-29,0.034106584871229695
2024-01-02,0.029928202056251345
2024-01-03,0.01038917917224635
2024-01-04,0.011515523736603368
2024-01-05,0.009563393668006143
2024-01-08,0.0072225969003370605
2024-01-09,0.01354816466766614
2024-01-10,0.018570748002410792
2024-01-11,0.027469474901582375
2024-01-12,0.005027169072509174
2024-01-16,0.002598771433261587
2024-01-17,0.010973755870715207
2024-01-18,0.009537226825597215
2024-01-19,0.030610859136604805
2024-01-22,0.05372740938858152
2024-01-23,0.053554238587265976
2024-01-24,0.04990490596357258
2024-01-25,0.06621277957251372
2024-01-26,0.0424659818545472
2024-01-29,0.04329057695263099
2024-01-30,0.03756817609366439
2024-01-31,0.08971581618962703
2024-02-01,0.034527215344905715
2024-02-02,0.02526334330024995
2024-02-05,0.033564461620801664
2024-02-06,0.050250833789479935
2024-02-07,0.034195434033083914
2024-02-08,0.05858296290047463
2024-02-09,0.08938823570153955
2024-02-12,0.1052765636247858
2024-02-13,0.09890638146844755
2024-02-14,0.07341513765992053
2024-02-15,0.08745657448149909
2024-02-16,0.08422011041492394
2024-02-20,0.07826067287333191
2024-02-21,0.13177453161287156
2024-02-22,0.10626196046858989
2024-02-23,0.09094628137083145
2024-02-26,0.08507347071091924
2024-02-27,0.11719360352424307
2024-02-28,0.11990201432954568
2024-02-29,0.1118565193329134
2024-03-01,0.1250630781706565
2024-03-04,0.11518667838822241
2024-03-05,0.11551101580545305
2024-03-06,0.09862657225184356
2024-03-07,0.08526273802440024
2024-03-08,0.1496199903840479
2024-03-11,0.15644437811147563
2024-03-12,0.15550463620335014
2024-03-13,0.1554936883092218
2024-03-14,0.14584503999643447
2024-03-15,0.13680381079916346
2024-03-18,0.1487746863798287
2024-03-19,0.14894935682433694
2024-03-20,0.18251902550462584
2024-03-21,0.18610368572054167
2024-03-22,0.18146003281386064
2024-03-25,0.186485954945276
2024-03-26,0.19580127414395793
2024-03-27,0.1636528237555284
2024-03-28,0.15814818434787978
2024-04-01,0.16764628915722715
2024-04-02,0.12558671144496528
2024-04-03,0.09509345861138942
2024-04-04,0.09060917348741372
2024-04-05,0.06985185714859116
2024-04-08,0.0681172288013086
2024-04-09,0.0648538818783285
2024-04-10,0.06177805587896854
2024-04-11,0.02327099207165144
2024-04-12,0.005572710039128302
2024-04-15,0.008963084252216848
2024-04-16,-0.01038328357775619
2024-04-17,-0.04766455092720987
2024-04-18,-0.012141028303211633
2024-04-19,-0.03408489351145755
2024-04-22,-0.0921941714124294
2024-04-23,-0.09500523903537648
2024-04-24,-0.0906865695372578
2024-04-25,-0.08561150957131751
2024-04-26,-0.06162644388263019
2024-04-29,-0.0588656254547445
2024-04-30,0.007280439729730959
2024-05-01,0.018885004354409304
2024-05-02,0.040524638134901814
2024-05-03,0.022656247408424403
2024-05-06,0.03268402862637275
2024-05-07,0.0321425617715561
2024-05-08,0.0335993503703964
2024-05-09,0.02652250665030487
2024-05-10,-0.026762163897920913
2024-05-13,-0.03436123481144754
2024-05-14,-0.04246002554934261
2024-05-15,-0.01541745683204579
2024-05-16,-0.02846802891226139
2024-05-17,-0.028635817979364073
2024-05-20,-0.025840630223017157
2024-05-21,-0.04056045378092262
2024-05-22,0.0032173097845026822
2024-05-23,-0.020572513516747673
2024-05-24,-0.01987724629779124
2024-05-28,0.00593244961029363
2024-05-29,0.017951708573100734
2024-05-30,0.0033753865579472407
2024-05-31,0.016704331738641286
2024-06-03,-0.013564503667527709
2024-06-04,-0.0029154918335971983
2024-06-05,-0.007028455230300464
2024-06-06,-0.006207511641300562
2024-06-07,-0.03034318822833525
2024-06-10,-0.015292765350326682
2024-06-11,-0.01972436910383507
2024-06-12,-0.02430326772330306
2024-06-13,-0.02635526482641595
2024-06-14,-0.010090387495125017
2024-06-17,-0.009946497011164632
2024-06-18,-0.01458343248289745
2024-06-20,-0.01610677710731809
2024-06-21,0.006141808172651277
2024-06-24,0.0833745366820289
2024-06-25,0.05755943602940269
2024-06-26,0.04759186103494797
2024-06-27,0.056019679132133675
2024-06-28,0.06002688882943345
2024-07-01,0.04894287306254392
2024-07-02,0.0641508749394039
2024-07-03,0.0830102928242305
2024-07-05,0.08117765606242801
2024-07-08,0.09024784791045382
2024-07-09,0.08502837423906526
2024-07-10,0.048606886649076614
2024-07-11,0.0490311546999108
2024-07-12,0.06521573455888999
2024-07-15,0.04132995836747896
2024-07-16,0.03566025598387005
2024-07-17,0.05061715816299164
2024-07-18,0.07936173861294889
2024-07-19,0.07448331799628469
2024-07-22,0.07483267077163228
2024-07-23,0.1173026691679481
2024-07-24,0.1357328769112305
2024-07-25,0.14207503020993617
2024-07-26,0.148679223388684
2024-07-29,0.14744515566218
2024-07-30,0.14408695491364895
2024-07-31,0.10618524026062116
2024-08-01,0.10461912537168948
2024-08-02,0.09361050773446057
2024-08-05,0.12041464401908111
2024-08-06,0.10555073392369274
2024-08-07,0.11535507174568048
2024-08-08,0.11766814743811882
2024-08-09,0.08267699661507451
2024-08-12,0.10018324486259353
2024-08-13,0.12265264780197906
2024-08-14,0.13152432352090185
2024-08-15,0.13803102378950038
2024-08-16,0.1460511322607547
2024-08-19,0.1498242986036161
2024-08-20,0.15414845358236978
2024-08-21,0.14727092215076829
2024-08-22,0.13394287457861273
2024-08-23,0.17946583610204506
2024-08-26,0.18236474383219858
2024-08-27,0.13059328586796012
2024-08-28,0.12461256015322812
2024-08-29,0.1161212981770452
2024-08-30,0.08473885437303555
2024-09-03,0.11213994219879803
2024-09-04,0.10974811983668477
2024-09-05,0.11558876090749254
2024-09-06,0.14462660765631932
2024-09-09,0.12389639364411491
2024-09-10,0.10337465978006295
2024-09-11,0.10955087740562815
2024-09-12,0.12286344956803
2024-09-13,0.10833200493638705
2024-09-16,0.08323778368531021
2024-09-17,0.0781712478015605
2024-09-18,0.08874023017806228
2024-09-19,0.079648446915273
2024-09-20,0.036949522887896075
2024-09-23,-0.07450444282444141
2024-09-24,-0.03851644633883007
2024-09-25,-0.0363962566342054
2024-09-26,-0.035790235248492924
2024-09-27,-0.031867552945134416
2024-09-30,-0.030327322523266975
2024-10-01,-0.016068729594691158
2024-10-02,-0.02529785545974341
2024-10-03,0.0005266031652457711
2024-10-04,0.007319025480727871
2024-10-07,0.024084870364683722
2024-10-08,0.05451473212091067
2024-10-09,0.05505501629599804
2024-10-10,0.06425968562668967
2024-10-11,0.10683379346373086
2024-10-14,0.07301362013922659
2024-10-15,0.07544502209191031
2024-10-16,0.08028077054000846
2024-10-17,0.06388680032950951
2024-10-18,0.06346348689704062
2024-10-21,0.018039521434556897
2024-10-22,-0.009879464087776115
2024-10-23,-0.00901556371532645
2024-10-24,-0.006096329593842602
2024-10-25,-0.01298018538808515
2024-10-28,-0.016874284620844116
2024-10-29,-0.020418156345415717
2024-10-30,-0.032255500490633054
2024-10-31,-0.029732080145300616
2024-11-01,-0.04788542891581243
2024-11-04,-0.03672928756473358
2024-11-05,-0.046232486753107586
2024-11-06,-0.04773447007467256
2024-11-07,0.05255551713874028
2024-11-08,0.02864152978929142
2024-11-11,-0.020255235701688974
2024-11-12,-0.028045264688125696
2024-11-13,-0.026693097317737013
2024-11-14,-0.0409660643377878
2024-11-15,-0.050623961274685644
2024-11-18,-0.05914060829046401
2024-11-19,-0.05943817687062248
2024-11-20,0.013558989246930143
2024-11-21,-0.001648279792778187
2024-11-22,0.03811463546571405
2024-11-25,0.05436225093378594
2024-11-26,0.05686665604290205
2024-11-27,0.09994455415967551
2024-11-29,0.09806869002126858
2024-12-02,0.14587680371238113
2024-12-03,0.1403151938479475
2024-12-04,0.1372847979954611
2024-12-05,0.08256990309106045
2024-12-06,0.03404149618996097
2024-12-09,0.04333954343310426
2024-12-10,0.04126452970684411
2024-12-11,0.014971474291350855
2024-12-12,0.030708085686478346
2024-12-13,0.06502462816501245
2024-12-16,0.07592684734573421
2024-12-17,0.07142786726199478
2024-12-18,0.08008678157760875
2024-12-19,0.11085892568476556
2024-12-20,0.13243519894839986
2024-12-23,0.12174338041099207
2024-12-24,0.12118521092683103
2024-12-26,0.12150422835382178
2024-12-27,0.116191936402709
2024-12-30,0.11830907478416845
2024-12-31,0.10922511154873335
2025-01-02,0.12086782550187218
2025-01-03,0.13086545140287836
2025-01-06,0.11694678310002836
2025-01-07,0.13768168584267795
2025-01-08,0.15395605029574824
2025-01-09,0.15436585721851473
2025-01-10,0.124924386468975
2025-01-13,0.12140319875911298
2025-01-14,0.16302127427520988
2025-01-15,0.16205371416664008
2025-01-16,0.17312859655755336
2025-01-17,0.1655832540190845
2025-01-21,0.16399590001979528
2025-01-22,0.17874207747542903
2025-01-23,0.17863597355311167
2025-01-24,0.17798686762306254
2025-01-27,0.15542006270219957
2025-01-28,0.15637894091613366
2025-01-29,0.1527661991087135
2025-01-30,0.15538117222472536
2025-01-31,0.15362141661027012
2025-02-03,0.14894603095044304
2025-02-04,0.1601231195852982
2025-02-05,0.13185678992078856
2025-02-06,0.13158316032239853
2025-02-07,0.13155301499428887
2025-02-10,0.12994089291834146
2025-02-11,0.0870593424991619
2025-02-12,0.09424247779675982
2025-02-13,0.10737165873256846
2025-02-14,0.08586092932910391
2025-02-18,0.09328269185631323
2025-02-19,0.11025253960584272
2025-02-20,0.11794198384542434
2025-02-21,0.12109909262670208
2025-02-24,0.04238375361981359
2025-02-25,0.0558425465389063
2025-02-26,0.018468359068624915
2025-02-27,0.008427524475603208
2025-02-28,0.008968458132433682
2025-03-03,0.009102501246521117
2025-03-04,-0.04314726694289232
2025-03-05,-0.08802429137571946
2025-03-06,-0.18028937321680236
2025-03-07,-0.19071242160078794
2025-03-10,-0.19270365526498112
2025-03-11,-0.15775169986265572
2025-03-12,-0.18511292742923333
2025-03-13,-0.17937586459101273
2025-03-14,-0.1735753926365914
2025-03-17,-0.17808107238791118
2025-03-18,-0.18130216948468167
2025-03-19,-0.17971545118084117
2025-03-20,-0.18218173359602363
2025-03-21,-0.16686371826480137
2025-03-24,-0.17331221359407148
2025-03-25,-0.17553335278675422
2025-03-26,-0.19679353113443535
2025-03-27,-0.2395972255385892
2025-03-28,-0.24047746810337917
2025-03-31,-0.23922259822305797
2025-04-01,-0.20399716243372382
2025-04-02,-0.20244707052170643
2025-04-03,-0.15320033582011489
2025-04-04,-0.1018450665290723
2025-04-07,-0.21109532453288568
2025-04-08,-0.2082040268543442
2025-04-09,-0.21276972919815576
2025-04-10,-0.21419102500308712
2025-04-11,-0.2148337014467932
2025-04-14,-0.21835952770835992
2025-04-15,-0.1991366272139958
2025-04-16,-0.19583804149824013
2025-04-17,-0.2078218720595871
2025-04-21,-0.1982246963683628
2025-04-22,-0.1689418874352728
2025-04-23,-0.11028662813972559
2025-04-24,-0.1413992259280308
2025-04-25,-0.14127185131061817
2025-04-28,-0.14802631049184653
2025-04-29,-0.1437227224773364
2025-04-30,-0.13970911386641088
2025-05-01,-0.12842359218156596
2025-05-02,-0.11280799883677609
2025-05-05,-0.11274998647332808
2025-05-06,-0.11090656184345499
2025-05-07,-0.08215835952667416
2025-05-08,-0.0831301553144762
2025-05-09,-0.08291314597702791
2025-05-12,-0.11515402217803737
2025-05-13,-0.1026625813909372
2025-05-14,-0.09480167588564865
2025-05-15,-0.0886716632905801
2025-05-16,-0.07730540412466658
2025-05-19,-0.07653459504020947
2025-05-20,-0.08198416311559756
2025-05-21,-0.09373903157131747
2025-05-22,-0.0873598486998713
2025-05-23,-0.0836067966411607
2025-05-27,-0.0964156598619229
2025-05-28,-0.0924914082229509
2025-05-29,-0.08972763537573836
2025-05-30,-0.09060043973505859
2025-06-02,-0.09253993912259657
2025-06-03,-0.05462500215410459
2025-06-04,-0.07269705922387404
2025-06-05,-0.013862576947965269
2025-06-06,-0.011189169736566102
2025-06-09,-0.007891263994641486
2025-06-10,-0.0016604851156981615
2025-06-11,0.008538685164148423
2025-06-12,0.009198111785813453
2025-06-13,0.021746039615195976
2025-06-16,0.02576020524367429
2025-06-17,0.02974641677818116
2025-06-18,0.03490807402585934
2025-06-20,0.04185750743701242
2025-06-23,0.039864975092407745
2025-06-24,-0.01652741867715528
2025-06-25,-0.01774224673217786
2025-06-26,-0.01154335935132445
2025-06-27,0.014969014736963477
2025-06-30,0.0207806078896459
2025-07-01,0.020753433044140342
2025-07-02,-0.003091868418578023
2025-07-03,0.006883371779415929
2025-07-04,-0.002312849262720728
2025-07-07,-0.04083918948624
2025-07-08,0.04549596989328346
2025-07-09,0.04406712244472748
2025-07-10,0.06002442628716282
2025-07-11,0.06081090981512341
2025-07-14,0.08633885940250235
2025-07-15,0.09524079004403943
2025-07-16,0.06565855259565193
2025-07-17,0.05562106034524266
2025-07-18,0.056136580720464055
2025-07-21,0.06173697019686414
2025-07-22,0.033718275165101105
2025-07-23,-0.01868238220095679
2025-07-24,0.037099245875323275
2025-07-25,0.04373599343084466
2025-07-28,0.06444719316291751
2025-07-29,0.07385140434874733
2025-07-30,0.07913875390842755
2025-07-31,0.07267610517417875
2025-08-01,0.10894322823384986
2025-08-04,0.10970893230593684
2025-08-05,0.13706885368117708
2025-08-06,0.127646489986562
2025-08-07,0.17415309671240023
2025-08-08,0.1877344220806312
2025-08-11,0.1873434115569076
2025-08-12,0.1509987404207786
2025-08-13,0.11767502026453543
2025-08-14,0.11402560682752703
2025-08-15,0.09426473022455618
2025-08-18,0.09649761472674648
2025-08-19,0.09691694370052306
2025-08-20,0.10132274379306813
2025-08-21,0.05484786470723057
2025-08-22,0.07531127748065108
2025-08-25,0.07717433511415114
2025-08-26,0.07916211406833303
2025-08-27,0.07128001332664481
2025-08-28,0.0639250816630857
2025-08-29,0.042572385562599215
2025-09-02,0.06516341339639738
2025-09-03,0.08194817960085864
2025-09-04,0.06901477218626506
2025-09-05,0.07133125940819472
2025-09-08,0.07366108542225745
2025-09-09,0.061544545115474865
2025-09-10,0.0783495318825765
2025-09-11,0.0758837449714276
2025-09-12,0.0702809544058877
2025-09-15,0.0811502102581377
2025-09-16,0.04368391811978103
2025-09-17,0.07428391709249947
2025-09-18,0.06515950159603813
2025-09-19,0.07972566511422809
2025-09-22,0.1888817690138569
2025-09-23,0.18461708375630023
2025-09-24,0.16010383397733427
2025-09-25,0.16067393226387822
2025-09-26,0.15235930672293457
2025-09-29,0.168260038253541
2025-09-30,0.17375569210857836
2025-10-01,0.152400988507842
2025-10-02,0.16062017143747725
2025-10-03,0.1595423216141673
2025-10-06,0.17919742001665687
2025-10-07,0.19434441131725813
2025-10-08,0.19987394049996995
2025-10-09,0.20851744058596505
2025-10-10,0.15258995664691757
2025-10-13,0.1623390789869452
2025-10-14,0.1699159223698543
2025-10-15,0.16846503460012832
2025-10-16,0.16753323695186492
2025-10-17,0.1508774076580775
2025-10-20,0.14976419460452067
2025-10-21,0.15262673938902668
2025-10-22,0.14024302471787242
2025-10-23,0.11969064195726646
2025-10-24,0.11168425904121124
2025-10-27,0.07458736062036037
2025-10-28,0.06317245929639549
2025-10-29,0.06523421880614384
2025-10-30,0.014313820219792939
2025-10-31,0.010788697196570834
2025-11-03,-0.017294085187038816
2025-11-04,-0.01013975024613292
2025-11-05,-0.002313435430163278
2025-11-06,0.017905540468246415
2025-11-07,-0.0042832790141150165
2025-11-10,0.04978790315399753
2025-11-11,0.04991662690707525
2025-11-12,0.08163537905842094
2025-11-13,0.08734269980514603
2025-11-14,0.08921923654007603
2025-11-17,0.09410680990436437
2025-11-18,0.09833232956138195
2025-11-19,0.13772469779275634
2025-11-20,0.11026896536971299
2025-11-21,0.11432151384760214
2025-11-24,0.10982031883731563
2025-11-25,0.1259303989919738
2025-11-26,0.13645815723826277
2025-11-28,0.1601693255618039
2025-12-01,0.13723425877003112
2025-12-02,0.13615303761304454
2025-12-03,0.13663060480388403
2025-12-04,0.12702621813677345
2025-12-05,0.12249260687766954
2025-12-08,0.1301951497278822
2025-12-09,0.08708439819215195
2025-12-10,0.09135735579289603
2025-12-11,0.0950050268278516
2025-12-12,0.08592737090346424
2025-12-15,0.10987307749052733
2025-12-16,0.09244036839707577
2025-12-17,0.050380001515767374
2025-12-18,0.03637854464210488
2025-12-19,0.03474243699733818
2025-12-22,0.0451805552925607
2025-12-23,0.07872408096822402
2025-12-24,0.08055024625131603
2025-12-26,0.08280945864918131
2025-12-29,0.06532967692225927
2025-12-30,0.06310512724370473
2025-12-31,0.07074662768548165
2026-01-02,0.050534190363301645
2026-01-05,0.04779690902618453
2026-01-06,0.06098335172963998
2026-01-07,0.04464894818769699
2026-01-08,0.034739097792496045
2026-01-09,0.025588615864846086
2026-01-12,0.05489260168537259
2026-01-13,0.06888332166520454
2026-01-14,0.07561683293375547
2026-01-15,0.07594308043191997
2026-01-16,0.0764514805148772
2026-01-20,0.07886892074009098
2026-01-21,0.08400408570310071
2026-01-22,0.07367064494407669
2026-01-23,0.09621915832892422
2026-01-26,0.08357175104259748
2026-01-27,0.12815325114212492
2026-01-28,0.14979659056882727
2026-01-29,0.15850103166823634
2026-01-30,0.16156409110735265
2026-02-02,0.16761149251066965
2026-02-03,0.18309395173359028
2026-02-04,0.17558606081331923
2026-02-05,0.17359018229617154
2026-02-06,0.20025864672347646
2026-02-09,0.18444850001323893
2026-02-10,0.23748737344590495
2026-02-11,0.221143361094279
2026-02-12,0.2500576523715065
2026-02-13,0.21993321731187693
2026-02-17,0.2546783481767673
2026-02-18,0.2566381019573343
2026-02-19,0.2611016833211315
2026-02-20,0.2580459005923761
2026-02-23,0.23112964188883203
2026-02-24,0.24079472474848784
2026-02-25,0.2378110875717129
2026-02-26,0.2361050137401969
2026-02-27,0.21041666878771298
2026-03-02,0.17246242718772772
2026-03-03,0.16844937600548177
2026-03-04,0.17136002720296564
2026-03-05,0.18342325710959478
2026-03-06,0.18674666658409778
2026-03-09,0.21362932744711882
2026-03-10,0.19651699993042468
2026-03-11,0.19348101053061714
2026-03-12,0.21543706265228726
2026-03-13,0.189035654989312
2026-03-16,0.2551851853365159
2026-03-17,0.2607844721088889
2026-03-18,0.2639912142114728
2026-03-19,0.20561882965800463
2026-03-20,0.2422198008280606
2026-03-23,0.2454810972798212
2026-03-24,0.2604150493092498
2026-03-25,0.2646834499964502
2026-03-26,0.2184832807574743
2026-03-27,0.21885388523618152
2026-03-30,0.18997735983800124
2026-03-31,0.18308735691512268
2026-04-01,0.18163175143174012
2026-04-02,0.18095786231726457
2026-04-06,0.20373822363455482
2026-04-07,0.21368038514410823
2026-04-08,0.2093827377452023
2026-04-09,0.20973619274196167
2026-04-10,0.20010644445591863
2026-04-13,0.19910027296679975
2026-04-14,0.1965723452413068
2026-04-15,0.20428152652603235
2026-04-16,0.19163085034704805
2026-04-17,0.1579689171084821
2026-04-20,0.15600577453612285
2026-04-21,0.14068441546902263
2026-04-22,0.03496711058612773
2026-04-23,0.04577727227391082
2026-04-24,0.04913069618422933
2026-04-27,0.06820036180647285
2026-04-28,0.04320956812846742
2026-04-29,0.03127004247693247
2026-04-30,-0.006909129671676819
2026-05-01,-0.02114013412599351
2026-05-04,-0.01998165073799093
2026-05-05,-0.03613273324441866
2026-05-06,-0.027137643378200297
2026-05-07,-0.04746895514691791
2026-05-08,-0.09589223198581139
2026-05-11,-0.03256213013091764
2026-05-12,-0.02110707505422053
2026-05-13,-0.02115071497386607
2026-05-14,-0.005679044829514874
2026-05-15,0.07404362971000046
2026-05-18,-0.017251869380464024
2026-05-19,0.00955283093634338
2026-05-20,0.013697451264542271
2026-05-21,-0.03641732883075169
2026-05-22,-0.02904593393974512
2026-05-26,-0.02651722578418831
2026-05-27,-0.013242766446210738
2026-05-28,-0.014721399743125004
2026-05-29,0.002336992119294355
2026-06-01,0.012903742924719507
2026-06-02,0.010570855451674648
2026-06-03,0.019602844835693724
2026-06-04,0.0411566365620306
2026-06-05,0.0412299145684151
2026-06-08,0.03821200137373073
2026-06-09,0.043316381661041424
2026-06-10,0.035916593478095206
2026-06-11,0.05760482022247843
2026-06-12,0.06882726597607144
2026-06-15,0.032586881320103636
2026-06-16,0.07609890833700422
2026-06-17,0.07758201153158123
2026-06-18,0.10107788486285896
2026-06-22,0.10031667547108464
2026-06-23,0.06287940040763146
2026-06-24,0.039342143067959315
2026-06-25,0.03436402887704714
2026-06-26,0.059880253432447336
2026-06-29,0.0627588071278739
2026-06-30,0.07778117668043143
2026-07-01,0.10076233368183377
2026-07-02,0.1122257782938913
2026-07-06,0.16789281770775324
2026-07-07,0.052762572194080266
2026-07-08,0.05308700292289926
2026-07-09,0.04267860225176808
2026-07-10,-0.005983039691902898
2026-07-13,-0.004550543921531882
2026-07-14,-0.0030501101602490896
2026-07-15,-0.005369412821486901
2026-07-16,0.028989146061686604
2026-07-17,0.02958327242765947
2026-07-20,0.04509405940882602
2026-07-21,0.0396031050711563
2026-07-22,0.029195920114009795
2026-07-23,0.05715965131316617
2026-07-24,0.04637889048926783
2026-07-27,0.05449847797227335
2026-07-28,0.053356225406523336
2026-07-29,0.06739569708697862
2026-07-30,0.062304333550369614
2026-07-31,0.08625220969340003
2026-08-03,0.07565176397357933
2026-08-04,0.07474670947103018
2026-08-05,0.07125557506071041
2026-08-06,0.06596752490741033
2026-08-07,0.09142546794673462
2026-08-10,0.09766754083602468
2026-08-11,0.07691716592487519
2026-08-12,0.07186565398822357
2026-08-13,0.07672928761602736
2026-08-14,0.07587439223645089
2026-08-17,0.0431213892530803
2026-08-18,0.07955229238403012
2026-08-19,0.05147976094569553
2026-08-20,0.04827815938833226
2026-08-21,0.06995696528427628
2026-08-24,0.07047341217971352
2026-08-25,0.07436780968958161
2026-08-26,0.05735006086241941
2026-08-27,0.007621467496868253
2026-08-28,-0.005765096608789923
2026-08-31,-0.008256060109436972
2026-09-01,-0.001976551167451487
2026-09-02,0.041816787333505835
2026-09-03,0.03873707634259342
2026-09-04,0.03736976669825512
2026-09-08,0.03569230547220191
2026-09-09,0.02723206756880657
2026-09-10,0.025252242123387246
2026-09-11,0.024142209824949436
2026-09-14,0.0362307536834078
2026-09-15,0.031110508846281436
2026-09-16,0.00941846288631487
2026-09-17,0.021530122398511445
2026-09-18,0.01414211883782878
2026-09-21,-0.03114656794836191
2026-09-22,-0.013592168512670111
2026-09-23,-0.009183994433231894
2026-09-24,-0.005726076377704748
2026-09-25,-0.012963292275242408
2026-09-28,-0.013798508216736087
2026-09-29,-0.01815897840213257
